Keyword Group,Keyword,Traffic,Region,Competiton,Growth,Competitor Analysis,Intern Handle
,,,,,,,
Boilerplate Framework,next.js boilerplate,5000,Global,low,-69%,,@Akinbowale Micheal
,asp.net boilerplate,500000,Global,low,67%,,
,boilerplate css,5000,Global,low,15%,,
,boilerplate github,500,Global,low,61%,,
,bootstrap 5 boilerplate,500,Global,low,0%,,
,django boilerplate,500,Global,low,-18%,,
,electron react boilerplate,5000,Global,low,30%,,
,fastapi boilerplate github,500,Global,low,670%,,
,,,,,,,
Boilerplate Code,boilerplate programming,500,Global,low,-68%,,
,boilerplate code java,500,Global,low,-67%,,
,c# boilerplate,500,Global,low,-74%,,
,c++ boilerplate,500,Global,low,13%,,
,company boilerplate example,500,Global,low,0%,,
,flutter boiler plate,500,Global,low,-76%,,
,sample boilerplate press release,500,Global,low,0%,,
,spring boot boilerplate,500,Global,low,-69%,,
,,,,,,,
Boilerplate Technologies,boilerplate html,50000,Global,low,29%,,
,react boilerplate,5000,Global,low,-46%,,
,html5 boilerplate,5000,Global,low,0%,,
,react native boilerplate,5000,Global,low,-50%,,
,boilerplate react js,5000,Global,low,-61%,,